taxon,aoo,eoo
"Abarema acreana",16,21121
"Abarema cochliacarpos",848,4032112
"Acosmium diffusissimum",88,316327
"Acosmium lentiscifolium",248,533736
"Adesmia paranensis",56,39921
"Aeschynomene denticulata",36,5975846
"Aeschynomene fructipendula",8,8
"Aeschynomene montevidensis",92,6928728
"Aeschynomene selloi",68,5778264
"Albizia burkartiana",12,5838
"Albizia decandra",36,338163
"Albizia edwallii",464,586730
"Albizia glabripetala",24,2251
"Albizia niopoides",748,6744355
"Albizia polycephala",1220,6231511
"Aldina heterophylla",44,10853
"Aldina microphylla",8,8
"Aldina occidentalis",4,4
"Aldina polyphylla",16,54823
"Alexa bauhiniiflora",48,56426
"Alexa grandiflora",208,1067942
"Amburana acreana",52,393659
"Amburana cearensis",572,2746686
"Amburana erythrosperma",16,2510
"Ancistrotropis firmula",420,3355615
"Andira anthelmia",708,6179203
"Andira carvalhoi",104,1170969
"Andira cordata",328,1072727
"Andira cujabensis",548,1931778
"Andira fraxinifolia",2600,5802021
"Andira humilis",896,4444149
"Andira inermis",612,9109346
"Andira legalis",368,3695513
"Andira macrothyrsa",44,287213
"Andira marauensis",28,1100
"Andira micrantha",104,481438
"Andira multistipula",56,463487
"Andira nitida",716,1341902
"Andira ormosioides",252,1323786
"Andira parviflora",116,740616
"Andira praecox",16,3487
"Andira unifoliolata",80,198082
"Andira vermifuga",732,4535820
"Androcalymma glabrifolium",8,8
"Apuleia leiocarpa",1380,8094569
"Arachis benthamii",108,116893
"Arachis burchellii",156,579332
"Arachis dardani",280,543014
"Arachis kuhlmannii",96,359896
"Arachis lutescens",84,174773
"Arachis macedoi",48,685484
"Arachis pintoi",120,3282991
"Arachis prostrata",248,2202286
"Arachis pusilla",236,2547207
"Arachis repens",148,6455745
"Arachis stenosperma",76,892720
"Arachis veigae",44,181058
"Arachis villosa",8,8
"Arapatiella emarginata",28,756
"Arapatiella psilophylla",224,60364
"Bauhinia acreana",168,2268051
"Bauhinia acuruana",1352,2570908
"Bauhinia affinis",140,492987
"Bauhinia albicans",24,601
"Bauhinia aureopunctata",24,228393
"Bauhinia bicolor",4,4
"Bauhinia bombaciflora",128,429325
"Bauhinia burchellii",88,1503823
"Bauhinia candelabriformis",12,25
"Bauhinia catingae",580,3258734
"Bauhinia cheilantha",1192,3209361
"Bauhinia corifolia",144,118818
"Bauhinia cupulata",320,1777366
"Bauhinia curvula",468,2925014
"Bauhinia dubia",664,3770751
"Bauhinia dumosa",372,641337
"Bauhinia fusconervis",80,101603
"Bauhinia gardneri",168,369322
"Bauhinia glaziovii",12,27
"Bauhinia goyazensis",140,295067
"Bauhinia grandifolia",20,365175
"Bauhinia holophylla",940,2362905
"Bauhinia integerrima",116,136269
"Bauhinia leptantha",88,67660
"Bauhinia longifolia",1000,3615693
"Bauhinia longipedicellata",92,4423270
"Bauhinia malacotrichoides",60,37192
"Bauhinia marginata",8,8
"Bauhinia membranacea",164,2529394
"Bauhinia ovata",196,194701
"Bauhinia piresii",8,8
"Bauhinia subclavata",388,1146471
"Bauhinia uberlandiana",8,8
"Betencourtia crassifolia",168,417145
"Betencourtia neesii",216,2351089
"Betencourtia stereophylla",216,33990
"Bionia coccinea",416,524821
"Bionia coriacea",1280,1133834
"Bionia pedicellata",428,369975
"Blanchetiodendron blanchetii",192,503078
"Bocoa ratteri",8,8
"Bowdichia nitida",172,11980179
"Bowdichia virgilioides",1524,5525987
"Brodriguesia santosii",228,77852
"Browneopsis peruviana",12,11887
"Calliandra aeschynomenoides",140,248475
"Calliandra asplenioides",548,167806
"Calliandra bahiana",316,741928
"Calliandra bella",196,823094
"Calliandra calycina",292,202756
"Calliandra carrascana",20,10712
"Calliandra depauperata",552,773146
"Calliandra duckei",8,8
"Calliandra erubescens",144,45586
"Calliandra fasciculata",308,455663
"Calliandra foliolosa",400,941781
"Calliandra gardneri",20,2586
"Calliandra imbricata",4,4
"Calliandra jariensis",20,692
"Calliandra leptopoda",180,291479
"Calliandra linearis",28,2035
"Calliandra macrocalyx",460,583100
"Calliandra santosiana",8,8
"Calliandra semisepulta",48,1226
"Calliandra spinosa",172,578802
"Calliandra subspicata",56,208445
"Calliandra umbellifera",116,298439
"Calliandra virgata",148,253269
"Calliandra viscidula",244,36755
"Canavalia parviflora",436,1557376
"Canavalia picta",368,1429514
"Cassia leptophylla",352,3609510
"Cassia rubriflora",36,3325
"Cenostigma bracteosum",1456,3493427
"Cenostigma laxiflorum",296,346414
"Cenostigma microphyllum",868,1643817
"Cenostigma nordestinum",540,2977592
"Cenostigma pyramidale",2700,3123596
"Cenostigma tocantinum",196,3162006
"Centrolobium paraense",36,22570
"Centrolobium sclerophyllum",216,849538
"Centrolobium tomentosum",724,3084236
"Centrosema arenarium",620,2154950
"Centrosema bracteosum",304,4754110
"Centrosema carajasense",28,50112
"Centrosema coriaceum",620,978654
"Centrosema dasyanthum",72,101974
"Centrosema jaraguaense",8,8
"Centrosema pubescens",648,7755205
"Centrosema sagittatum",408,5406131
"Centrosema teresae",,
"Cerradicola decumbens",404,1196524
"Chamaecrista acosmifolia",148,1195196
"Chamaecrista altoana",20,152786
"Chamaecrista amabilis",44,26536
"Chamaecrista amiciella",336,609959
"Chamaecrista amorimii",20,10427
"Chamaecrista anamariae",28,346
"Chamaecrista aristata",40,7064
"Chamaecrista aspleniifolia",76,104164
"Chamaecrista atroglandulosa",8,8
"Chamaecrista aurivilla",84,20578
"Chamaecrista bahiae",400,3841441
"Chamaecrista barbata",200,491784
"Chamaecrista belemii",260,2735257
"Chamaecrista blanchetii",724,816078
"Chamaecrista brachyrachis",144,219941
"Chamaecrista brachystachya",520,534797
"Chamaecrista bracteolata",60,7666
"Chamaecrista brevicalyx",304,2551116
"Chamaecrista caiapo",8,8
"Chamaecrista campicola",72,52696
"Chamaecrista caracensis",12,136
"Chamaecrista cardiostegia",80,267249
"Chamaecrista carobinha",60,249822
"Chamaecrista catapodia",12,160
"Chamaecrista cathartica",1328,1708625
"Chamaecrista catiarae",8,8
"Chamaecrista catolesensis",16,6
"Chamaecrista cavalcantina",52,753734
"Chamaecrista choriophylla",120,151596
"Chamaecrista ciliolata",156,502061
"Chamaecrista conferta",676,740808
"Chamaecrista confertiformis",188,34412
"Chamaecrista coradinii",28,23490
"Chamaecrista coriacea",8,5
"Chamaecrista cotinifolia",168,1082559
"Chamaecrista curvifolia",448,3568841
"Chamaecrista cyclophylla",164,295282
"Chamaecrista cytisoides",468,1142667
"Chamaecrista dalbergiifolia",176,520515
"Chamaecrista debilis",400,824738
"Chamaecrista decora",128,167471
"Chamaecrista decumbens",124,36663
"Chamaecrista deltoidea",8,8
"Chamaecrista dentata",152,180983
"Chamaecrista duartei",176,118083
"Chamaecrista duckeana",324,575024
"Chamaecrista dumalis",40,4265218
"Chamaecrista ericifolia",8,8
"Chamaecrista exsudans",64,48823
"Chamaecrista feliciana",56,96363
"Chamaecrista filicifolia",252,1982775
"Chamaecrista fodinarum",28,32600
"Chamaecrista foederalis",72,130213
"Chamaecrista fulgida",12,60
"Chamaecrista fuscescens",8,8
"Chamaecrista geraldoi",8,8
"Chamaecrista gumminans",4,4
"Chamaecrista gymnothyrsa",12,346
"Chamaecrista hatschbachii",24,15029
"Chamaecrista hedysaroides",176,74083
"Chamaecrista incana",56,41753
"Chamaecrista incurvata",88,197018
"Chamaecrista isidorea",168,288977
"Chamaecrista itabiritoana",8,8
"Chamaecrista jacobinea",144,199334
"Chamaecrista juruenensis",128,1302672
"Chamaecrista lagotois",12,20
"Chamaecrista latifolia",100,230399
"Chamaecrista lavradiiflora",48,79100
"Chamaecrista lavradioides",12,175
"Chamaecrista lentiscifolia",4,4
"Chamaecrista leucopilis",12,3475
"Chamaecrista linearifolia",40,2252169
"Chamaecrista linearis",236,2168901
"Chamaecrista lundii",144,305771
"Chamaecrista macedoi",16,107
"Chamaecrista machaeriifolia",152,1070417
"Chamaecrista mucronata",480,4639870
"Chamaecrista multipennis",164,61177
"Chamaecrista neesiana",416,2052602
"Chamaecrista nuda",28,117
"Chamaecrista nummulariifolia",76,60789
"Chamaecrista ochnacea",312,893022
"Chamaecrista ochrosperma",32,355888
"Chamaecrista oligosperma",80,109061
"Chamaecrista onusta",60,117464
"Chamaecrista pachyclada",16,1747
"Chamaecrista paniculata",84,909997
"Chamaecrista pascuorum",468,2779709
"Chamaecrista phyllostachya",24,43845
"Chamaecrista pilicarpa",8,8
"Chamaecrista pilosa",140,2397876
"Chamaecrista planaltoana",144,123087
"Chamaecrista pohliana",168,472127
"Chamaecrista polita",108,397670
"Chamaecrista polymorpha",8,8
"Chamaecrista potentilla",176,101265
"Chamaecrista psoraleopsis",12,1315
"Chamaecrista punctata",116,46007
"Chamaecrista scabra",120,90443
"Chamaecrista scleroxylon",64,30892
"Chamaecrista secunda",84,50741
"Chamaecrista semaphora",80,1712783
"Chamaecrista setosa",524,3629030
"Chamaecrista simplifacta",20,244
"Chamaecrista spinulosa",20,139
"Chamaecrista stillifera",64,8698
"Chamaecrista strictifolia",24,759587
"Chamaecrista subpeltata",20,6462
"Chamaecrista swainsonii",260,555423
"Chamaecrista tephrosiifolia",28,8450
"Chamaecrista trachycarpa",60,2475557
"Chamaecrista tragacanthoides",176,154175
"Chamaecrista ulmea",28,278
"Chamaecrista unijuga",40,12605
"Chamaecrista urophyllidia",84,69905
"Chamaecrista vauthieri",16,3241433
"Chamaecrista venulosa",164,206730
"Chamaecrista virginis",4,4
"Chamaecrista xinguensis",64,648417
"Chloroleucon extortum",68,513556
"Chloroleucon tortum",168,134041
"Clitoria densiflora",88,8586824
"Clitoria epetiolata",32,231666
"Clitoria laurifolia",668,7178593
"Collaea speciosa",828,1922468
"Copaifera arenicola",192,642857
"Copaifera cearensis",20,152570
"Copaifera duckei",300,2373492
"Copaifera glycycarpa",60,577130
"Copaifera lucens",220,1231549
"Copaifera majorina",32,24505
"Copaifera piresii",84,1954195
"Copaifera sabulicola",176,191967
"Coursetia rostrata",404,406766
"Coursetia vicioides",20,57440
"Cratylia bahiensis",80,66513
"Cratylia intermedia",112,3578854
"Cratylia isopetala",108,752185
"Crotalaria goiasensis",36,23963
"Crotalaria irwinii",12,58
"Crotalaria nitens",104,10788001
"Crotalaria otoptera",56,2085827
"Crotalaria rufipila",96,3491309
"Crotalaria subdecurrens",84,840205
"Ctenodon bradei",12,192
"Ctenodon graminoides",28,1174
"Ctenodon lacabuendianus",4,4
"Ctenodon monteiroi",148,341820
"Ctenodon simplicifolius",8,8
"Cynometra duckei",52,60173
"Cynometra longifolia",8,8
"Cynometra macrocarpa",12,1057
"Cynometra marleneae",32,31531
"Cynometra stenopetala",28,895679
"Dahlstedtia bahiana",16,392
"Dahlstedtia castaneifolia",16,26289
"Dahlstedtia dehiscens",12,145
"Dahlstedtia floribunda",248,385295
"Dahlstedtia glaziovii",24,23225
"Dahlstedtia grandiflora",16,1728
"Dahlstedtia lewisiana",8,8
"Dahlstedtia muehlbergiana",444,1190269
"Dahlstedtia peckoltii",12,2770
"Dahlstedtia pentaphylla",1016,2926940
"Dahlstedtia pinnata",408,232905
"Dalbergia acuta",180,2501296
"Dalbergia cearensis",532,739734
"Dalbergia decipularis",148,963247
"Dalbergia elegans",144,382551
"Dalbergia ernest-ulei",12,200
"Dalbergia foliolosa",460,3859185
"Dalbergia glaucescens",120,1913662
"Dalbergia glaziovii",32,1465
"Dalbergia hortensis",4,4
"Dalbergia miscolobium",1568,4162951
"Dalbergia nigra",812,1009931
"Deguelia costata",220,328462
"Deguelia hatschbachii",64,102688
"Desmodium craspediferum",12,954
"Desmodium glabrescens",16,30
"Desmodium juruenense",28,3373584
"Desmodium procumbens",272,5118411
"Desmodium venosum",12,749003
"Dialium rondoniense",16,19824
"Dicymbe amazonica",4,4
"Dicymbe arenicola",32,764
"Dicymbe heteroxylon",8,8
"Dicymbe mollis",12,215
"Dicymbe puncticulosa",48,2452
"Dicymbe stipitata",8,8
"Dimorphandra campinarum",48,746617
"Dimorphandra caudata",52,1177565
"Dimorphandra coccinea",100,1458649
"Dimorphandra exaltata",188,206245
"Dimorphandra gigantea",8,8
"Dimorphandra jorgei",100,447079
"Dimorphandra mediocris",8,8
"Dimorphandra multiflora",36,288815
"Dimorphandra parviflora",128,2592717
"Dimorphandra unijuga",48,156764
"Dimorphandra urubuensis",16,56917
"Dimorphandra wilsonii",132,6764
"Dinizia jueirana-facao",16,14
"Dioclea burkartii",52,3480513
"Dioclea fimbriata",52,627742
"Diplotropis ferruginea",100,196040
"Diplotropis incexis",252,899245
"Diplotropis rodriguesii",24,19885
"Dipteryx alata",1556,4346628
"Dipteryx charapilla",4,4
"Dipteryx ferrea",48,37134
"Dipteryx hermetopascoaliana",36,66122
"Dipteryx lacunifera",468,2869058
"Dipteryx magnifica",200,2425828
"Dipteryx micrantha",32,189847
"Dipteryx odorata",784,4216760
"Dipteryx polyphylla",160,1884893
"Dipteryx punctata",500,9144891
"Dipteryx rosea",148,2578074
"Elizabetha durissima",4,4
"Elizabetha paraensis",16,358285
"Elizabetha speciosa",36,9694
"Enterolobium glaziovii",120,1342403
"Enterolobium gummiferum",936,3351295
"Enterolobium monjollo",104,275976
"Eperua duckeana",104,200272
"Eperua glabra",8,8
"Eperua glabriflora",116,104025
"Eperua oleifera",60,505616
"Eriosema defoliatum",264,238160
"Eriosema floribundum",160,231028
"Eriosema glaziovii",168,299712
"Eriosema heterophyllum",904,3439813
"Eriosema longiflorum",116,1370493
"Eriosema platycarpon",40,635407
"Eriosema rigidum",176,198433
"Eriosema venulosum",68,134558
"Erythrina speciosa",636,2696679
"Erythrina verna",356,4049751
"Erythrostemon calycinus",156,154763
"Exostyles glabra",8,8
"Exostyles godoyensis",44,32464
"Exostyles venusta",284,555712
"Galactia benthamiana",44,2881525
"Galactia glaucescens",500,4365843
"Galactia striata",624,6238196
"Gleditsia amorphoides",112,159934
"Goniorrhachis marginata",556,1010579
"Grazielodendron rio-docensis",84,35120
"Gwilymia coriacea",408,2729501
"Gwilymia occhioniana",44,1227540
"Gwilymia paniculata",68,1550736
"Gwilymia racemifera",96,2236131
"Harleyodendron unifoliolatum",100,544801926
"Harpalyce lanata",32,1047
"Harpalyce parvifolia",60,2265
"Heterostemon impar",12,38905
"Hymenaea altissima",120,479152
"Hymenaea aurea",164,3554001
"Hymenaea cangaceira",120,324046
"Hymenaea courbaril",2464,8057090
"Hymenaea fariana",92,300948
"Hymenaea longifolia",228,2338307
"Hymenaea maranhensis",76,198947
"Hymenaea martiana",928,4854374
"Hymenaea oblongifolia",300,5315444
"Hymenaea parvifolia",496,3926981
"Hymenaea reticulata",76,729649
"Hymenaea velutina",412,904997
"Hymenolobium alagoanum",200,397802
"Hymenolobium excelsum",100,937900
"Hymenolobium grazielanum",20,85536
"Hymenolobium heringerianum",52,57725
"Hymenolobium heterocarpum",80,219834
"Hymenolobium janeirense",324,1051927
"Hymenolobium modestum",84,493566
"Hymenolobium sericeum",44,773104
"Indigofera bongardiana",184,1873832
"Indigofera guaranitica",48,3239231
"Inga aptera",76,19201
"Inga arenicola",4,4
"Inga barbata",276,2770761
"Inga bicoloriflora",52,88352
"Inga blanchetiana",140,560954
"Inga bollandii",96,1097224
"Inga bullata",108,57469
"Inga bullatorugosa",32,797444
"Inga cabelo",60,14329
"Inga calantha",36,1098884
"Inga caudata",16,16
"Inga conchifolia",16,4232
"Inga congesta",72,234601
"Inga cordistipula",56,36863
"Inga duckei",52,3573233
"Inga edwallii",148,460408
"Inga enterolobioides",4,4
"Inga exfoliata",112,75221
"Inga exilis",20,9007
"Inga globularis",28,49984
"Inga grazielae",92,45915
"Inga hispida",216,265404
"Inga lanceifolia",164,1585408
"Inga laurina",2456,7538646
"Inga lenticellata",124,573147
"Inga lentiscifolia",216,234506
"Inga leptantha",248,3108196
"Inga leptocarpa",12,34101
"Inga maritima",256,39289
"Inga mendoncaei",36,3173
"Inga micradenia",48,2367109
"Inga microcalyx",28,205778
"Inga peduncularis",8,8
"Inga pedunculata",24,5094
"Inga platyptera",56,41454
"Inga pleiogyna",232,47025
"Inga praegnans",16,5660
"Inga retinocarpa",16,1846
"Inga salicifoliola",8,8
"Inga santaremnensis",16,30093
"Inga schinifolia",96,176674
"Inga sellowiana",332,2959320
"Inga sessilis",1516,2353046
"Inga suberosa",16,492
"Inga suborbicularis",64,93520
"Inga unica",88,36722
"Inga virescens",408,5760765
"Inga vulpina",340,1181508
"Inga xinguensis",12,77118
"Jacqueshuberia purpurea",28,46158
"Jacqueshuberia quinquangulata",8,8
"Jupunba barnebyana",28,3127
"Jupunba brachystachya",424,643230
"Jupunba campestris",108,1660674
"Jupunba filamentosa",808,270469
"Jupunba langsdorffii",676,1204457
"Jupunba piresii",112,1124221
"Jupunba rhombea",4,4
"Jupunba turbinata",152,2583800
"Jupunba villifera",16,178635
"Jupunba villosa",140,271034
"Lathyrus acutifolius",4,4
"Lathyrus hasslerianus",80,1373740
"Lathyrus hookeri",4,4
"Lathyrus paraguariensis",24,35746
"Lathyrus parodii",12,3173
"Leptolobium araguaiense",16,13610
"Leptolobium bijugum",416,270533
"Leptolobium brachystachyum",180,123452
"Leptolobium dasycarpum",1996,3683087
"Leptolobium elegans",772,1912785
"Leptolobium glaziovianum",36,103462
"Leptolobium multijugum",8,8
"Leptolobium nitens",312,3651932
"Leptolobium parvifolium",32,118480
"Leptolobium tenuifolium",44,44746
"Leucochloron foederale",16,313
"Leucochloron limae",28,155990
"Leucochloron minarum",24,88823
"Luetzelburgia amazonica",20,5975
"Luetzelburgia andradelimae",100,208856
"Luetzelburgia auriculata",912,3360863
"Luetzelburgia guaissara",156,253408
"Luetzelburgia guianensis",8,10
"Luetzelburgia harleyi",8,8
"Luetzelburgia neurocarpa",8,2
"Luetzelburgia purpurea",100,197946
"Luetzelburgia trialata",48,14891
"Lupinus coriaceus",52,5118
"Lupinus decurrens",8,8
"Lupinus dusenianus",8,8
"Lupinus laevigatus",4,4
"Lupinus linearis",8,8
"Lupinus ovalifolius",,
"Lupinus parvifolius",32,5800
"Lupinus prouvensalanus",,
"Lupinus russellianus",4,4
"Machaerium acutifolium",328,2401166
"Machaerium androvillosum",8,8
"Machaerium aureiflorum",80,1432143
"Machaerium brasiliense",100,1997897
"Machaerium cantarellianum",204,206968
"Machaerium caratinganum",72,105836
"Machaerium condensatum",240,416018
"Machaerium debile",216,633853
"Machaerium declinatum",176,290959
"Machaerium firmum",80,17829
"Machaerium floridum",44,177688
"Machaerium froesii",108,1172180
"Machaerium fulvovenosum",180,503231
"Machaerium glabrum",68,75933
"Machaerium gracile",76,112967
"Machaerium hatschbachii",168,115104
"Machaerium hirtum",2436,6468287
"Machaerium incorruptibile",184,755694
"Machaerium inundatum",232,4265484
"Machaerium jobimianum",56,161399
"Machaerium lanceolatum",428,1382276
"Machaerium legale",28,11558
"Machaerium leucopterum",180,550893
"Machaerium macaense",72,2283
"Machaerium mucronulatum",64,317794
"Machaerium nigrum",136,187772
"Machaerium nyctitans",1980,1841532
"Machaerium oblongifolium",972,3408861
"Machaerium obovatum",72,483
"Machaerium opacum",744,1070336
"Machaerium ovalifolium",172,1211412
"Machaerium paraguariense",692,2082959
"Machaerium pedicellatum",256,502129
"Machaerium punctatum",284,657112
"Machaerium reticulatum",60,133473
"Machaerium robsonianum",144,220215
"Machaerium ruddianum",144,1612923
"Machaerium sericiflorum",56,95691
"Machaerium ternatum",84,130912
"Machaerium tortipes",16,12124
"Machaerium uncinatum",420,1441469
"Machaerium villosum",1184,3372808
"Macrolobium brevense",60,1336077
"Macrolobium cidii",16,23481
"Macrolobium conjunctum",8,8
"Macrolobium cowanii",16,21957
"Macrolobium duckeanum",52,695690
"Macrolobium froesii",8,8
"Macrolobium furcatum",4,4
"Macrolobium latifolium",496,155895
"Macrolobium longipedicellatum",32,547446
"Macrolobium montanum",8,8
"Macrolobium palustre",8,8
"Macrolobium prancei",24,87609
"Macrolobium rigidum",176,94707
"Macrolobium urupaense",12,17020
"Macropsychanthus glaber",512,6136465
"Macrosamanea macrocalyx",12,278
"Macrosamanea prancei",16,2630
"Mantiqueira bella",68,95157
"Martiodendron fluminense",56,16828
"Martiodendron mediterraneum",428,4812125
"Melanoxylon brauna",552,1022664
"Mimosa acroconica",32,201
"Mimosa adamantina",32,421
"Mimosa adenocarpa",292,2477284
"Mimosa adenotricha",96,28327
"Mimosa afranioi",28,286867
"Mimosa albolanata",292,346804
"Mimosa antrorsa",104,363885
"Mimosa apodocarpa",132,584742
"Mimosa aurivillus",472,506171
"Mimosa balduinii",8,8
"Mimosa barretoi",52,2601
"Mimosa bathyrrhena",8,8
"Mimosa bispiculata",4,4
"Mimosa blanchetii",188,98458
"Mimosa bocainae",8,8
"Mimosa bombycina",24,4181
"Mimosa borboremae",116,65198
"Mimosa brachycarpa",76,605938
"Mimosa bracteolaris",,
"Mimosa caesalpiniifolia",1484,6975754
"Mimosa callidryas",28,15205
"Mimosa capito",40,42453
"Mimosa carajarum",,
"Mimosa catharinensis",8,8
"Mimosa chaetosphaera",52,336009
"Mimosa chartostegia",56,198967
"Mimosa chrysastra",20,98
"Mimosa claussenii",776,380003
"Mimosa cordistipula",164,131872
"Mimosa coruscocaesia",76,44184
"Mimosa cryptothamnos",20,812
"Mimosa cubatanensis",36,200076
"Mimosa cyclophylla",12,302
"Mimosa dasilvae",24,8
"Mimosa decorticans",68,3363
"Mimosa dichroa",108,75581
"Mimosa discobola",60,230945
"Mimosa dominarum",20,155
"Mimosa dryandroides",88,175292
"Mimosa emaensis",4,4
"Mimosa ernestii",8,8
"Mimosa exalbescens",80,428521
"Mimosa extensa",96,61265
"Mimosa filipes",332,838405
"Mimosa foliolosa",952,1978908
"Mimosa furfuracea",208,521915
"Mimosa gardneri",188,532735
"Mimosa glazioui",8,8
"Mimosa glycyrrhizoides",24,35075
"Mimosa gracilis",944,2727113
"Mimosa hatschbachii",12,688
"Mimosa hebecarpa",172,1347341
"Mimosa heringeri",32,3701
"Mimosa humifusa",,
"Mimosa humivagans",12,35
"Mimosa hypoglauca",372,1865773
"Mimosa interrupta",100,580137
"Mimosa involucrata",24,2025
"Mimosa irrigua",260,83736
"Mimosa itatiaiensis",20,66
"Mimosa kuhnisteroides",20,527
"Mimosa lanata",112,126081
"Mimosa laniceps",12,7165
"Mimosa laticifera",340,2291976
"Mimosa lepidophora",104,383984
"Mimosa leprosa",20,5495
"Mimosa leptantha",24,33760
"Mimosa lewisii",392,522277
"Mimosa lithoreas",12,4145
"Mimosa macedoana",44,4449
"Mimosa manidea",56,2552
"Mimosa melanocarpa",160,840655
"Mimosa mensicola",36,433
"Mimosa micropteris",276,478308
"Mimosa misera",524,1030131
"Mimosa montis-carasae",16,3425
"Mimosa myuros",28,19724
"Mimosa neonitens",24,90296
"Mimosa niomarlei",20,5846
"Mimosa oblonga",168,266016
"Mimosa oligosperma",8,8
"Mimosa ophthalmocentra",1080,1396332
"Mimosa orthacantha",84,43411
"Mimosa osmarii",12,12
"Mimosa pabstiana",48,52655
"Mimosa papposa",48,107466
"Mimosa paraibana",312,699187
"Mimosa paucifolia",32,98234
"Mimosa perplicata",12,16
"Mimosa piptoptera",148,535941
"Mimosa pithecolobioides",272,849670
"Mimosa polycephala",184,1097744
"Mimosa polydidyma",116,61460
"Mimosa pseudosepiaria",48,55377
"Mimosa pseudotrachycarpa",64,1448053
"Mimosa psittacina",12,971
"Mimosa pteridifolia",548,2443325
"Mimosa pycnocoma",8,8
"Mimosa pyrenea",84,2202203
"Mimosa radula",676,1508208
"Mimosa ramentacea",48,30426
"Mimosa ramosissima",380,875205
"Mimosa regina",24,127
"Mimosa rheiptera",44,1064
"Mimosa robsonii",8,8
"Mimosa rufipila",84,145417
"Mimosa sanguinolenta",88,1849179
"Mimosa scabrella",1048,1069292
"Mimosa sericantha",308,679727
"Mimosa setosissima",104,3106509
"Mimosa setuligera",68,96873
"Mimosa sevilhae",8,8
"Mimosa sobralii",56,3360
"Mimosa sparsiformis",64,36082
"Mimosa splendida",20,5111
"Mimosa strobiliflora",4,4
"Mimosa suburbana",16,20
"Mimosa supravisa",44,945400
"Mimosa thomista",12,2837
"Mimosa ulbrichiana",136,299270
"Mimosa ulei",56,762
"Mimosa uniceps",8,8
"Mimosa urandiensis",4,4
"Mimosa urticaria",8,8
"Mimosa verecunda",56,59610
"Mimosa verrucosa",644,1428463
"Mimosa virgula",84,11418
"Moldenhawera acuminata",24,4836
"Moldenhawera blanchetiana",168,31348
"Moldenhawera floribunda",56,40909
"Moldenhawera intermedia",8,8
"Moldenhawera longipedicellata",40,668
"Moldenhawera luschnathiana",44,7498
"Moldenhawera nutans",36,1123
"Moldenhawera papillanthera",80,8008
"Moldenhawera polysperma",108,19972
"Mora paraensis",60,708551
"Muellera denudata",28,298593
"Muellera fernandesii",12,12
"Muellera filipes",36,3539
"Muellera graciliflora",8,8
"Muellera grazielae",40,4603
"Muellera laticifera",36,149452
"Muellera leptobotrys",48,167778
"Muellera longiunguiculata",28,403045
"Muellera montana",128,506424
"Muellera nitens",16,53976
"Muellera obtusa",236,806971
"Muellera torrensis",28,348
"Muellera tozziana",20,211189
"Muellera variabilis",4,4
"Muellera virgilioides",156,16434
"Myrocarpus fastigiatus",212,2487700
"Myrocarpus frondosus",884,5807854
"Myrocarpus leprosus",8,8
"Myroxylon peruiferum",820,4916075
"Mysanthus uleanus",160,3485485
"Naiadendron duckeanum",64,407666
"Neptunia pubescens",16,7475
"Ormosia altimontana",40,1421
"Ormosia arborea",888,5509144
"Ormosia bahiensis",100,424195
"Ormosia excelsa",212,3065732
"Ormosia fastigiata",500,5808843
"Ormosia friburgensis",68,98288
"Ormosia froesii",8,8
"Ormosia lewisii",28,3339
"Ormosia limae",24,166
"Ormosia minor",44,83227
"Ormosia nitida",76,144820
"Ormosia paraensis",336,5901559
"Ormosia ruddiana",12,13920
"Ormosia santaremnensis",76,1002064
"Ormosia solimoesensis",24,672141
"Ormosia timboensis",16,1
"Ormosia vicosana",44,44330
"Paloue emarginata",24,75603
"Paloue induta",24,1005
"Panurea bowdichioides",4,4
"Paramachaerium krukovii",12,72
"Parapiptadenia blanchetii",148,210024
"Parapiptadenia ilheusana",12,44
"Parapiptadenia pterosperma",348,2581364
"Parapiptadenia zehntneri",892,1100630
"Parasenegalia incerta",4,4
"Parasenegalia miersii",40,3278
"Parasenegalia santosii",24,60711
"Parkia bahiae",64,3073
"Parkia barnebyana",24,31825
"Parkia cachimboensis",100,114721
"Parkia lutea",12,2463
"Parkia paraensis",40,43707
"Parkia platycephala",720,2028984
"Paubrasilia echinata",692,430339
"Peltogyne altissima",8,8
"Peltogyne angustiflora",88,113034
"Peltogyne campestris",68,1016266
"Peltogyne catingae",60,1968588
"Peltogyne chrysopis",32,15028
"Peltogyne confertiflora",532,3622116
"Peltogyne discolor",64,14952
"Peltogyne excelsa",16,23496
"Peltogyne gracilipes",36,2157
"Peltogyne lecointei",8,8
"Peltogyne maranhensis",60,1033777
"Peltogyne mattosiana",16,598
"Peltogyne micrantha",,
"Peltogyne paniculata",172,1898556
"Peltogyne paradoxa",52,38709
"Peltogyne recifensis",44,114738
"Petaladenium urceoliferum",52,19599
"Piptadenia gonoacantha",1876,2547023
"Piptadenia laxipinna",8,8
"Plathymenia reticulata",2520,6812391
"Platycyamus regnellii",480,989418
"Platymiscium filipes",104,941248
"Platymiscium speciosum",52,19656
"Poecilanthe falcata",424,1336583
"Poecilanthe fluminensis",24,2594
"Poecilanthe grandiflora",280,1644919
"Poecilanthe itapuana",104,5745
"Poecilanthe parviflora",284,2322272
"Poecilanthe subcordata",128,1050788
"Poiretia angustifolia",168,3008951
"Poiretia bahiana",68,10728
"Poiretia marginata",20,3959
"Poiretia unifoliolata",20,281
"Pomaria stipularis",96,58062
"Pseudopiptadenia bahiana",148,120308
"Pseudopiptadenia contorta",948,885882
"Pityrocarpa inaequalis",100,12895
"Pseudopiptadenia leptostachya",200,4847614
"Pseudopiptadenia schumanniana",116,100664
"Pseudopiptadenia warmingii",236,1164093
"Pterocarpus monophyllus",32,7477
"Pterocarpus santalinoides",204,6053542
"Pterocarpus ternatus",60,122256
"Pterocarpus villosus",204,854882
"Pterocarpus zehntneri",112,1516999
"Pterogyne nitens",1316,3762899
"Recordoxylon stenopetalum",24,114569
"Rhynchosia leucophylla",36,206801
"Rhynchosia reticulata",136,6725526
"Schnella alata",60,423829
"Schnella anamesa",68,1148227
"Schnella angulosa",292,2507909
"Schnella grazielae",28,7564
"Schnella maximiliani",76,778883
"Schnella microstachya",628,8189966
"Schnella platycalyx",124,2358605
"Schnella radiata",196,4126251
"Schnella riedeliana",52,37313
"Schnella smilacina",144,1040612
"Schnella trichosepala",212,465259
"Sellocharis paradoxa",12,21539
"Senegalia bahiensis",1264,1233326
"Senegalia cearensis",20,41733
"Senegalia giganticarpa",172,3347747
"Senegalia globosa",508,1743776
"Senegalia grandisiliqua",48,1094715
"Senegalia grandistipula",280,2150846
"Senegalia harleyi",172,988677
"Senegalia hatschbachii",56,525152
"Senegalia hoehnei",120,2035301
"Senegalia irwinii",76,1083195
"Senegalia kallunkiae",80,515762
"Senegalia lacerans",224,4456401
"Senegalia langsdorffii",1216,1545595
"Senegalia lasiophylla",300,1594703
"Senegalia latifoliola",4,4
"Senegalia martiusiana",456,5316701
"Senegalia mattogrossensis",60,956395
"Senegalia mikanii",28,2280
"Senegalia paganuccii",180,537898
"Senegalia parviceps",16,5668
"Senegalia piauhiensis",644,882794
"Senegalia pteridifolia",144,1181361
"Senegalia ricoae",8,8
"Senna acuruensis",648,1533254
"Senna acutisepala",48,165368
"Senna affinis",808,2188940
"Senna angulata",500,4207757
"Senna appendiculata",304,1725856
"Senna araucarietorum",236,287571
"Senna aversiflora",420,400097
"Senna bahiensis",12,14
"Senna biglandularis",112,262649
"Senna catingae",240,263552
"Senna cearensis",348,925290
"Senna corifolia",292,443685
"Senna formosa",32,5670
"Senna gardneri",444,1714838
"Senna lechriosperma",172,1502091
"Senna martiana",616,1427781
"Senna organensis",172,120958
"Senna paradictyon",52,4086632
"Senna phlebadenia",240,268464
"Senna pinheiroi",240,154204
"Senna reniformis",560,1062576
"Senna rizzinii",960,1441278
"Senna tenuifolia",80,118235
"Senna trachypus",716,2122097
"Senna tropica",260,1522458
"Staminodianthus rosae",20,314300
"Stryphnodendron adstringens",1488,2617869
"Stylosanthes aurea",68,717663
"Stylosanthes campestris",116,817269
"Stylosanthes debilis",84,188219
"Stylosanthes macrocephala",696,3198130
"Stylosanthes nunoi",32,1292212
"Stylosanthes pilosa",144,1837191
"Swartzia acutifolia",468,1865654
"Swartzia alagoensis",68,34356
"Swartzia alternifoliolata",24,6314
"Swartzia amazonica",8,8
"Swartzia apetala",1720,3451686
"Swartzia arborescens",356,5215762
"Swartzia arenophila",28,909
"Swartzia arumateuana",80,384896
"Swartzia bahiensis",128,100439
"Swartzia capixabensis",8,8
"Swartzia coriaceifolia",8,8
"Swartzia corrugata",80,1191587
"Swartzia curranii",4,4
"Swartzia dipetala",96,217042
"Swartzia discocarpa",20,12067
"Swartzia duckei",44,125342
"Swartzia emarginata",20,129291
"Swartzia euxylophora",12,457
"Swartzia fimbriata",8,8
"Swartzia flaemingii",980,7546816
"Swartzia fraterna",8,8
"Swartzia froesii",8,8
"Swartzia glazioviana",96,683
"Swartzia hilaireana",48,7003
"Swartzia ingens",16,519
"Swartzia ingifolia",132,125830
"Swartzia juruana",4,4
"Swartzia krukovii",12,40918
"Swartzia lamellata",68,30416
"Swartzia lanata",12,746
"Swartzia langsdorffii",284,943592
"Swartzia laurifolia",224,3026081
"Swartzia linharensis",68,36767
"Swartzia longistipitata",96,504555
"Swartzia lucida",136,292898
"Swartzia macrocarpa",128,557133
"Swartzia macrostachya",856,4715170
"Swartzia manausensis",96,273433
"Swartzia mangabalensis",4,4
"Swartzia martii",48,146245
"Swartzia micrantha",24,64026
"Swartzia multijuga",248,2158893
"Swartzia oblata",396,1060709
"Swartzia obscura",76,673168
"Swartzia oedipus",16,86246
"Swartzia oriximinaensis",12,361
"Swartzia parvipetala",152,1485234
"Swartzia pernitida",4,4
"Swartzia pickelii",292,175600
"Swartzia pilulifera",184,322233
"Swartzia pinheiroana",28,268
"Swartzia polita",244,184710
"Swartzia prancei",4,4
"Swartzia prolata",32,1625
"Swartzia psilonema",344,1294492
"Swartzia recurva",452,2517361
"Swartzia revoluta",28,614
"Swartzia riedelii",100,11675
"Swartzia rondoniensis",16,203734
"Swartzia rugosa",12,13662
"Swartzia simplex",752,5274881
"Swartzia submarginata",116,240529
"Swartzia submontana",12,12
"Swartzia thomasii",32,682
"Swartzia tomentifera",100,271753
"Swartzia ulei",156,917189
"Swartzia velutina",20,2631
"Tabaroa caatingicola",40,7611
"Tachigali acrensis",12,25
"Tachigali argyrophylla",8,8
"Tachigali barnebyi",40,1725239
"Tachigali beaurepairei",28,700
"Tachigali candelabrum",12,5530
"Tachigali catingae",8,8
"Tachigali densiflora",488,1563493
"Tachigali denudata",424,657680
"Tachigali duckei",28,1910
"Tachigali friburgensis",100,66813
"Tachigali fusca",8,8
"Tachigali goeldiana",124,2579634
"Tachigali grandistipulata",8,8
"Tachigali hypoleuca",164,248153
"Tachigali leiocalyx",12,563
"Tachigali macropetala",40,103806
"Tachigali macrostachya",16,14446
"Tachigali melanocarpa",64,623425
"Tachigali multijuga",8,8
"Tachigali paratyensis",224,648641
"Tachigali pilgeriana",152,305818
"Tachigali prancei",28,59832
"Tachigali rubiginosa",644,4336421
"Tachigali rugosa",428,762798
"Tachigali schultesiana",4,4
"Tachigali spathulipetala",32,551
"Tachigali urbaniana",36,133768
"Tachigali vulgaris",1612,6040149
"Tephrosia adunca",676,6445177
"Tephrosia egregia",116,80235
"Tephrosia sessiliflora",132,9017552
"Trifolium argentinense",,
"Trischidium limae",28,27360
"Trischidium molle",888,1772997
"Trischidium racemulosum",84,346215
"Vatairea heteroptera",160,642676
"Vataireopsis araroba",60,113208
"Vataireopsis iglesiasii",20,5621
"Vicia pampicola",8,8
"Vicia tephrosioides",,
"Vigna halophila",352,2434589
"Vouacapoua americana",272,1994036
"Vouacapoua pallidior",52,48229
"Zapoteca filipes",60,280713
"Zollernia cowanii",8,8
"Zollernia glabra",532,815593
"Zollernia glaziovii",32,1121
"Zollernia magnifica",32,20216
"Zollernia modesta",132,31827
"Zollernia paraensis",264,5375465
"Zornia afranioi",48,230947
"Zornia cearensis",104,2041877
"Zornia echinocarpa",104,162110
"Zornia flemmingioides",260,243124
"Zornia glaziovii",20,123501
"Zornia harmsiana",76,205221
"Zornia mitziana",12,76
"Zornia ramboiana",192,345387
"Zornia subsessilis",16,87
"Zornia tenuifolia",44,86200
"Zornia virgata",168,814366
"Zygia odoratissima",8,8
"Zygia racemosa",240,3574651
"Zygia transamazonica",8,8
"Zygia trunciflora",52,81632